name,time,Altitude,Latitude,Longitude,PlaneID,TimeLag,host,region
gps,1634222880999000000,260.0870056152344,38.11953353881836,-84.49759674072266,0013A20041D1CB94,-1.2968263626098633,,
gps,1634222881999000000,261.66400146484375,38.11954116821289,-84.49757385253906,0013A20041D1CB94,-1.2890028953552246,,
gps,1634222882999000000,262.93499755859375,38.11954879760742,-84.49755096435547,0013A20041D1CB94,-1.296661376953125,,
gps,1634222883999000000,263.33599853515625,38.11954879760742,-84.49752807617188,0013A20041D1CB94,-1.288320541381836,,
gps,1634222884999000000,263.427001953125,38.11954879760742,-84.49752807617188,0013A20041D1CB94,-1.2969908714294434,,
gps,1634222885999000000,263.4880065917969,38.11954116821289,-84.49752807617188,0013A20041D1CB94,-1.2733633518218994,,
gps,1634222886999000000,263.510986328125,38.11954116821289,-84.49752807617188,0013A20041D1CB94,-1.2959771156311035,,
gps,1634222887999000000,263.5169982910156,38.119537353515625,-84.49752807617188,0013A20041D1CB94,-1.290226936340332,,
gps,1634222888999000000,263.4110107421875,38.119537353515625,-84.49752807617188,0013A20041D1CB94,-1.2974092960357666,,
gps,1634222889999000000,263.2929992675781,38.119537353515625,-84.49752807617188,0013A20041D1CB94,-1.290687084197998,,
gps,1634222890999000000,264.3080139160156,38.11953353881836,-84.49752807617188,0013A20041D1CB94,-1.2978904247283936,,
gps,1634222891999000000,266.6669921875,38.11953353881836,-84.49752807617188,0013A20041D1CB94,-1.2898051738739014,,
gps,1634222892999000000,269.5570068359375,38.11953353881836,-84.4975357055664,0013A20041D1CB94,-1.2962501049041748,,
gps,1634222893999000000,272.6180114746094,38.11953353881836,-84.49752807617188,0013A20041D1CB94,-1.2912623882293701,,
gps,1634222894999000000,275.7510070800781,38.11953353881836,-84.49752807617188,0013A20041D1CB94,-1.1979098320007324,,
gps,1634222895999000000,278.864990234375,38.119537353515625,-84.49752807617188,0013A20041D1CB94,-1.2905702590942383,,
gps,1634222896999000000,281.9960021972656,38.119537353515625,-84.49752807617188,0013A20041D1CB94,-1.297877550125122,,
gps,1634222897999000000,285.052001953125,38.119537353515625,-84.49752807617188,0013A20041D1CB94,-1.2916679382324219,,
gps,1634222898999000000,288.16900634765625,38.119537353515625,-84.49752807617188,0013A20041D1CB94,-1.2976322174072266,,
gps,1634222899999000000,290.57000732421875,38.119537353515625,-84.49752807617188,0013A20041D1CB94,-1.306318759918213,,
gps,1634222900999000000,292.2380065917969,38.119537353515625,-84.49752807617188,0013A20041D1CB94,-1.298687219619751,,
gps,1634222901999000000,292.8219909667969,38.119537353515625,-84.49752807617188,0013A20041D1CB94,-1.2921428680419922,,
gps,1634222902999000000,293.0329895019531,38.119544982910156,-84.49752807617188,0013A20041D1CB94,-1.2847697734832764,,
gps,1634222903999000000,293.13299560546875,38.11956024169922,-84.49751281738281,0013A20041D1CB94,-1.307746410369873,,
gps,1634222904999000000,293.1239929199219,38.11959457397461,-84.49748992919922,0013A20041D1CB94,-1.2686216831207275,,
gps,1634222905999000000,293.07598876953125,38.11964416503906,-84.4974594116211,0013A20041D1CB94,-1.2284901142120361,,
gps,1634222906999000000,293.10101318359375,38.119712829589844,-84.49742126464844,0013A20041D1CB94,-1.285343885421753,,
gps,1634222907999000000,293.15399169921875,38.11979293823242,-84.49736785888672,0013A20041D1CB94,-1.2916197776794434,,
gps,1634222908999000000,293.1159973144531,38.119876861572266,-84.497314453125,0013A20041D1CB94,-1.298983097076416,,
gps,1634222909999000000,293.06298828125,38.11996078491211,-84.49726104736328,0013A20041D1CB94,-1.2923133373260498,,
gps,1634222910999000000,293.0119934082031,38.12004470825195,-84.49720764160156,0013A20041D1CB94,-1.2852015495300293,,
gps,1634222911999000000,292.9830017089844,38.12012481689453,-84.49715423583984,0013A20041D1CB94,-1.2927072048187256,,
gps,1634222912999000000,293.0509948730469,38.12020492553711,-84.49710083007812,0013A20041D1CB94,-1.285224199295044,,
gps,1634222913999000000,293.052001953125,38.12028503417969,-84.4970474243164,0013A20041D1CB94,-1.294250726699829,,
gps,1634222914999000000,293.1340026855469,38.120365142822266,-84.49700164794922,0013A20041D1CB94,-1.3019766807556152,,
gps,1634222915999000000,293.2239990234375,38.120445251464844,-84.4969482421875,0013A20041D1CB94,-1.2623331546783447,,
gps,1634222916999000000,293.2950134277344,38.120521545410156,-84.49689483642578,0013A20041D1CB94,-1.3019185066223145,,
gps,1634222917999000000,293.3399963378906,38.120601654052734,-84.49684143066406,0013A20041D1CB94,-1.294736623764038,,
gps,1634222918999000000,293.34698486328125,38.12068176269531,-84.49678802490234,0013A20041D1CB94,-0.8694338798522949,,
gps,1634222919999000000,293.2820129394531,38.12076187133789,-84.49674224853516,0013A20041D1CB94,-1.2620811462402344,,
gps,1634222920999000000,293.33599853515625,38.12084197998047,-84.49668884277344,0013A20041D1CB94,-1.2871956825256348,,
gps,1634222921999000000,293.3429870605469,38.12092208862305,-84.49663543701172,0013A20041D1CB94,-1.2955760955810547,,
gps,1634222922999000000,293.3760070800781,38.121002197265625,-84.49658203125,0013A20041D1CB94,-1.2877767086029053,,
gps,1634222923999000000,293.4020080566406,38.1210823059082,-84.49652862548828,0013A20041D1CB94,-0.17353415489196777,,
gps,1634222924999000000,293.3909912109375,38.12116241455078,-84.49647521972656,0013A20041D1CB94,-1.0475003719329834,,
gps,1634222925999000000,293.46099853515625,38.12124252319336,-84.49642944335938,0013A20041D1CB94,-0.8786294460296631,,
gps,1634222926999000000,293.4849853515625,38.12132263183594,-84.49637603759766,0013A20041D1CB94,-1.3000988960266113,,
gps,1634222927999000000,293.4859924316406,38.121402740478516,-84.49632263183594,0013A20041D1CB94,-1.2806332111358643,,
gps,1634222928999000000,293.4469909667969,38.121482849121094,-84.49626922607422,0013A20041D1CB94,-1.2876501083374023,,
gps,1634222929999000000,293.4209899902344,38.12156295776367,-84.49622344970703,0013A20041D1CB94,-1.296482801437378,,
gps,1634222930999000000,293.4209899902344,38.12164306640625,-84.49617004394531,0013A20041D1CB94,0.23275184631347656,,
gps,1634222931999000000,293.4360046386719,38.12172317504883,-84.4961166381836,0013A20041D1CB94,-0.6251711845397949,,
gps,1634222932999000000,293.4309997558594,38.121803283691406,-84.49606323242188,0013A20041D1CB94,-1.2894878387451172,,
gps,1634222933999000000,293.4429931640625,38.121883392333984,-84.49601745605469,0013A20041D1CB94,-0.6750547885894775,,
gps,1634222934999000000,293.3919982910156,38.12196350097656,-84.49596405029297,0013A20041D1CB94,-1.2899842262268066,,
gps,1634222935999000000,293.3710021972656,38.12204360961914,-84.49591064453125,0013A20041D1CB94,-1.281564474105835,,
gps,1634222936999000000,293.3900146484375,38.12212371826172,-84.49585723876953,0013A20041D1CB94,-1.289222002029419,,
gps,1634222937999000000,293.42999267578125,38.1222038269043,-84.49581146240234,0013A20041D1CB94,-1.2977924346923828,,
gps,1634222938999000000,293.4549865722656,38.122283935546875,-84.49575805664062,0013A20041D1CB94,-1.2907507419586182,,
gps,1634222939999000000,293.3599853515625,38.12236404418945,-84.4957046508789,0013A20041D1CB94,-1.2827560901641846,,
gps,1634222940999000000,293.3399963378906,38.12244415283203,-84.49565124511719,0013A20041D1CB94,-1.291029691696167,,
gps,1634222941999000000,293.3739929199219,38.12252426147461,-84.49559783935547,0013A20041D1CB94,-1.2984042167663574,,
gps,1634222942999000000,293.4200134277344,38.12260437011719,-84.49554443359375,0013A20041D1CB94,-1.2909657955169678,,
gps,1634222943999000000,293.4259948730469,38.122684478759766,-84.49549865722656,0013A20041D1CB94,-1.250899076461792,,
gps,1634222944999000000,293.45599365234375,38.122764587402344,-84.49544525146484,0013A20041D1CB94,0.22850298881530762,,
gps,1634222945999000000,293.489013671875,38.12284469604492,-84.49539184570312,0013A20041D1CB94,-0.5956199169158936,,
gps,1634222946999000000,293.47698974609375,38.1229248046875,-84.4953384399414,0013A20041D1CB94,-1.2923164367675781,,
gps,1634222947999000000,293.4119873046875,38.12300491333008,-84.49529266357422,0013A20041D1CB94,-1.2976551055908203,,
gps,1634222948999000000,293.39801025390625,38.123085021972656,-84.4952392578125,0013A20041D1CB94,-0.7460715770721436,,
gps,1634222949999000000,293.4530029296875,38.1231689453125,-84.49518585205078,0013A20041D1CB94,-0.8360364437103271,,
gps,1634222950999000000,293.53900146484375,38.12324905395508,-84.49513244628906,0013A20041D1CB94,-1.292576551437378,,
gps,1634222951999000000,293.614013671875,38.12332534790039,-84.49508666992188,0013A20041D1CB94,-0.38761186599731445,,
gps,1634222953999000000,293.5090026855469,38.12343978881836,-84.49501037597656,0013A20041D1CB94,2.00883150100708,,
gps,1634222955999000000,293.4330139160156,38.123477935791016,-84.49498748779297,0013A20041D1CB94,4.3938891887664795,,
gps,1634222956999000000,293.4410095214844,38.12348175048828,-84.49497985839844,0013A20041D1CB94,5.137912034988403,,
gps,1634222957999000000,293.4519958496094,38.12348175048828,-84.49497985839844,0013A20041D1CB94,4.297971487045288,,
gps,1634222958999000000,293.4320068359375,38.12347412109375,-84.4949722290039,0013A20041D1CB94,3.4414563179016113,,
gps,1634222959999000000,293.3320007324219,38.12346267700195,-84.49493408203125,0013A20041D1CB94,2.586000442504883,,
gps,1634222960999000000,293.14599609375,38.123443603515625,-84.49488067626953,0013A20041D1CB94,1.7142283916473389,,
gps,1634222961999000000,293.1109924316406,38.1234245300293,-84.49480438232422,0013A20041D1CB94,0.8575670719146729,,
gps,1634222963999000000,293.12799072265625,38.12337875366211,-84.49463653564453,0013A20041D1CB94,0.5214667320251465,,
gps,1634222964999000000,293.14300537109375,38.12335968017578,-84.49455261230469,0013A20041D1CB94,-0.33234310150146484,,
gps,1634222965999000000,293.2070007324219,38.12333679199219,-84.49446868896484,0013A20041D1CB94,-1.2060556411743164,,
gps,1634222966999000000,293.2510070800781,38.12331771850586,-84.49439239501953,0013A20041D1CB94,-1.2934064865112305,,
gps,1634222967999000000,293.25299072265625,38.123294830322266,-84.49430847167969,0013A20041D1CB94,-1.3032405376434326,,
gps,1634222968999000000,293.2300109863281,38.12327194213867,-84.49422454833984,0013A20041D1CB94,-1.2793245315551758,,
gps,1634222969999000000,293.2510070800781,38.12324905395508,-84.494140625,0013A20041D1CB94,-1.2872397899627686,,
gps,1634222970999000000,293.281005859375,38.123226165771484,-84.49405670166016,0013A20041D1CB94,-1.2959861755371094,,
gps,1634222971999000000,293.3380126953125,38.12320327758789,-84.49397277832031,0013A20041D1CB94,-1.303987741470337,,
gps,1634222972999000000,293.3630065917969,38.1231803894043,-84.49388885498047,0013A20041D1CB94,-1.2940995693206787,,
gps,1634222973999000000,293.35400390625,38.1231575012207,-84.49380493164062,0013A20041D1CB94,-1.2889506816864014,,
gps,1634222974999000000,293.2980041503906,38.12313461303711,-84.49371337890625,0013A20041D1CB94,-1.2967379093170166,,
gps,1634222975999000000,293.2539978027344,38.12310791015625,-84.4936294555664,0013A20041D1CB94,-1.2724237442016602,,
gps,1634222976999000000,293.2650146484375,38.123085021972656,-84.49354553222656,0013A20041D1CB94,-1.2810661792755127,,
gps,1634222977999000000,293.2229919433594,38.12306213378906,-84.49346160888672,0013A20041D1CB94,-1.2882401943206787,,
gps,1634222978999000000,293.1440124511719,38.12303924560547,-84.49337768554688,0013A20041D1CB94,-1.2814955711364746,,
gps,1634222979999000000,293.0929870605469,38.12301254272461,-84.4932861328125,0013A20041D1CB94,-1.2898359298706055,,
gps,1634222980999000000,293.0249938964844,38.122989654541016,-84.49320220947266,0013A20041D1CB94,-1.2971138954162598,,
gps,1634222981999000000,293.010009765625,38.12296676635742,-84.49311828613281,0013A20041D1CB94,-1.2900302410125732,,
gps,1634222982999000000,292.9630126953125,38.12294387817383,-84.49303436279297,0013A20041D1CB94,-1.2962429523468018,,
gps,1634222983999000000,292.9410095214844,38.122920989990234,-84.4929428100586,0013A20041D1CB94,-1.2889988422393799,,
gps,1634222984999000000,292.89898681640625,38.122894287109375,-84.49285888671875,0013A20041D1CB94,-1.2966721057891846,,
gps,1634222985999000000,292.8550109863281,38.12287139892578,-84.4927749633789,0013A20041D1CB94,-1.2752964496612549,,
gps,1634222986999000000,292.8039855957031,38.12284851074219,-84.49269104003906,0013A20041D1CB94,-1.2982397079467773,,
gps,1634222987999000000,292.82598876953125,38.122825622558594,-84.49259948730469,0013A20041D1CB94,-1.2889726161956787,,
gps,1634222988999000000,292.8590087890625,38.122802734375,-84.49251556396484,0013A20041D1CB94,-1.283346176147461,,
gps,1634222989999000000,292.8800048828125,38.12277603149414,-84.492431640625,0013A20041D1CB94,-1.2892992496490479,,
gps,1634222990999000000,292.9179992675781,38.12275314331055,-84.49234771728516,0013A20041D1CB94,-1.2824115753173828,,
gps,1634222991999000000,292.8710021972656,38.12273025512695,-84.49225616455078,0013A20041D1CB94,-1.2902369499206543,,
gps,1634222992999000000,292.7969970703125,38.12270736694336,-84.49217224121094,0013A20041D1CB94,-1.2976713180541992,,
gps,1634222993999000000,292.6990051269531,38.1226806640625,-84.4920883178711,0013A20041D1CB94,-1.1463282108306885,,
gps,1634222994999000000,292.6619873046875,38.122657775878906,-84.49200439453125,0013A20041D1CB94,-1.299046516418457,,
gps,1634222995999000000,292.7489929199219,38.12263488769531,-84.49191284179688,0013A20041D1CB94,-1.2912688255310059,,
gps,1634222996999000000,292.81201171875,38.12260818481445,-84.49182891845703,0013A20041D1CB94,-1.2846226692199707,,
gps,1634222997999000000,292.8280029296875,38.12258529663086,-84.49174499511719,0013A20041D1CB94,-1.290637731552124,,
gps,1634222998999000000,292.7799987792969,38.122562408447266,-84.49166107177734,0013A20041D1CB94,-1.2837989330291748,,
gps,1634222999999000000,292.77801513671875,38.122535705566406,-84.49156951904297,0013A20041D1CB94,-1.2928762435913086,,
gps,1634223000999000000,292.885009765625,38.12251281738281,-84.49148559570312,0013A20041D1CB94,-1.283703088760376,,
gps,1634223001999000000,292.9930114746094,38.12248992919922,-84.49140167236328,0013A20041D1CB94,-1.3085644245147705,,
gps,1634223002999000000,293.0610046386719,38.12246322631836,-84.4913101196289,0013A20041D1CB94,-1.2858569622039795,,
gps,1634223003999000000,293.1109924316406,38.122440338134766,-84.49122619628906,0013A20041D1CB94,-1.293041467666626,,
gps,1634223004999000000,293.0950012207031,38.12241744995117,-84.49114227294922,0013A20041D1CB94,-1.285801649093628,,
gps,1634223005999000000,293.072998046875,38.12239074707031,-84.49105834960938,0013A20041D1CB94,-1.2776401042938232,,
gps,1634223006999000000,293.0870056152344,38.12236785888672,-84.490966796875,0013A20041D1CB94,-1.2855634689331055,,
gps,1634223007999000000,293.072998046875,38.122344970703125,-84.49088287353516,0013A20041D1CB94,-1.293825626373291,,
gps,1634223008999000000,293.0950012207031,38.12232208251953,-84.49079895019531,0013A20041D1CB94,-1.2866876125335693,,
gps,1634223009999000000,293.1809997558594,38.12229919433594,-84.49071502685547,0013A20041D1CB94,-1.292771339416504,,
gps,1634223010999000000,293.2879943847656,38.122276306152344,-84.4906234741211,0013A20041D1CB94,-1.2855124473571777,,
gps,1634223011999000000,293.34600830078125,38.122249603271484,-84.49053955078125,0013A20041D1CB94,-1.277876615524292,,
gps,1634223012999000000,293.385986328125,38.12222671508789,-84.4904556274414,0013A20041D1CB94,-1.2848749160766602,,
gps,1634223013999000000,293.2820129394531,38.1222038269043,-84.49036407470703,0013A20041D1CB94,-1.2794618606567383,,
gps,1634223014999000000,293.2359924316406,38.1221809387207,-84.49028015136719,0013A20041D1CB94,-1.2874884605407715,,
gps,1634223015999000000,293.2090148925781,38.122154235839844,-84.49019622802734,0013A20041D1CB94,-1.278930425643921,,
gps,1634223016999000000,293.2569885253906,38.12213134765625,-84.4901123046875,0013A20041D1CB94,-1.2881097793579102,,
gps,1634223017999000000,293.3599853515625,38.122108459472656,-84.49002075195312,0013A20041D1CB94,-1.279451608657837,,
gps,1634223018999000000,293.3630065917969,38.1220817565918,-84.48993682861328,0013A20041D1CB94,-1.2878599166870117,,
gps,1634223019999000000,293.30499267578125,38.1220588684082,-84.48985290527344,0013A20041D1CB94,-1.2418301105499268,,
gps,1634223020999000000,293.3320007324219,38.12203598022461,-84.4897689819336,0013A20041D1CB94,-1.2871980667114258,,
gps,1634223021999000000,293.28900146484375,38.12200927734375,-84.48967742919922,0013A20041D1CB94,-1.2790443897247314,,
gps,1634223022999000000,293.26800537109375,38.121986389160156,-84.48959350585938,0013A20041D1CB94,-1.2882981300354004,,
gps,1634223023999000000,293.177001953125,38.1219596862793,-84.48950958251953,0013A20041D1CB94,-1.2806804180145264,,
gps,1634223024999000000,293.114990234375,38.1219367980957,-84.48942565917969,0013A20041D1CB94,-1.287891149520874,,
gps,1634223025999000000,293.0880126953125,38.12191390991211,-84.48933410644531,0013A20041D1CB94,-1.27783203125,,
gps,1634223026999000000,293.1700134277344,38.121891021728516,-84.48925018310547,0013A20041D1CB94,-1.289588451385498,,
gps,1634223027999000000,293.1730041503906,38.121864318847656,-84.4891586303711,0013A20041D1CB94,-1.2802059650421143,,
gps,1634223028999000000,293.1600036621094,38.12184143066406,-84.48907470703125,0013A20041D1CB94,-1.2888615131378174,,
gps,1634223029999000000,293.156005859375,38.12181854248047,-84.4889907836914,0013A20041D1CB94,-1.282625436782837,,
gps,1634223030999000000,293.17999267578125,38.121795654296875,-84.48889923095703,0013A20041D1CB94,-1.2887804508209229,,
gps,1634223031999000000,293.25799560546875,38.12177276611328,-84.48881530761719,0013A20041D1CB94,-1.2809219360351562,,
gps,1634223032999000000,293.2380065917969,38.12174606323242,-84.48873138427734,0013A20041D1CB94,-0.9378366470336914,,
gps,1634223033999000000,293.1470031738281,38.12172317504883,-84.4886474609375,0013A20041D1CB94,-1.2647550106048584,,
gps,1634223034999000000,293.125,38.121700286865234,-84.48856353759766,0013A20041D1CB94,-1.289613962173462,,
gps,1634223035999000000,293.2019958496094,38.121673583984375,-84.48847198486328,0013A20041D1CB94,-1.2666876316070557,,
gps,1634223036999000000,293.31298828125,38.12165069580078,-84.48838806152344,0013A20041D1CB94,-1.2907397747039795,,
gps,1634223037999000000,293.3840026855469,38.12162780761719,-84.4883041381836,0013A20041D1CB94,-1.283818006515503,,
gps,1634223038999000000,293.3890075683594,38.121604919433594,-84.48821258544922,0013A20041D1CB94,-1.2907869815826416,,
gps,1634223039999000000,293.4410095214844,38.121578216552734,-84.48812866210938,0013A20041D1CB94,-1.2825927734375,,
gps,1634223040999000000,293.406005859375,38.12155532836914,-84.48804473876953,0013A20041D1CB94,-1.2913742065429688,,
gps,1634223041999000000,293.3689880371094,38.12153244018555,-84.48796081542969,0013A20041D1CB94,-1.268613338470459,,
gps,1634223042999000000,293.33099365234375,38.12150573730469,-84.48786926269531,0013A20041D1CB94,-1.29197096824646,,
gps,1634223043999000000,293.31500244140625,38.121482849121094,-84.48778533935547,0013A20041D1CB94,-1.299351453781128,,
gps,1634223044999000000,293.2929992675781,38.1214599609375,-84.48770141601562,0013A20041D1CB94,-1.2925589084625244,,
gps,1634223045999000000,293.28900146484375,38.12143325805664,-84.48760986328125,0013A20041D1CB94,-1.2693264484405518,,
gps,1634223046999000000,293.2820129394531,38.12141036987305,-84.4875259399414,0013A20041D1CB94,-0.9211740493774414,,
gps,1634223047999000000,293.24200439453125,38.12138748168945,-84.48744201660156,0013A20041D1CB94,-1.2799978256225586,,
gps,1634223048999000000,293.24700927734375,38.12136459350586,-84.48735046386719,0013A20041D1CB94,-1.2944002151489258,,
gps,1634223049999000000,293.2950134277344,38.121337890625,-84.48726654052734,0013A20041D1CB94,-1.285855770111084,,
gps,1634223050999000000,293.2659912109375,38.12131881713867,-84.48719024658203,0013A20041D1CB94,-1.2935519218444824,,
gps,1634223051999000000,293.1839904785156,38.12130355834961,-84.48713684082031,0013A20041D1CB94,-1.285160779953003,,
gps,1634223052999000000,293.0989990234375,38.12129592895508,-84.48709869384766,0013A20041D1CB94,-1.292860507965088,,
gps,1634223053999000000,293.0119934082031,38.12129592895508,-84.48709106445312,0013A20041D1CB94,-1.2858047485351562,,
gps,1634223054999000000,292.9590148925781,38.121307373046875,-84.48709106445312,0013A20041D1CB94,-1.2932956218719482,,
gps,1634223055999000000,293.0329895019531,38.121337890625,-84.48709869384766,0013A20041D1CB94,-1.2705204486846924,,
gps,1634223056999000000,292.989013671875,38.12138748168945,-84.48711395263672,0013A20041D1CB94,-1.2943699359893799,,
gps,1634223057999000000,292.9339904785156,38.12145233154297,-84.48712158203125,0013A20041D1CB94,-1.2869887351989746,,
gps,1634223058999000000,292.947998046875,38.12152099609375,-84.48712921142578,0013A20041D1CB94,-1.2783145904541016,,
gps,1634223059999000000,293.0870056152344,38.121585845947266,-84.48713684082031,0013A20041D1CB94,-1.287123203277588,,
gps,1634223060999000000,293.24200439453125,38.12165069580078,-84.48713684082031,0013A20041D1CB94,-1.2950053215026855,,
gps,1634223061999000000,293.27899169921875,38.12171173095703,-84.48714447021484,0013A20041D1CB94,-1.2878878116607666,,
gps,1634223062999000000,293.2560119628906,38.12177658081055,-84.48714447021484,0013A20041D1CB94,-1.2949824333190918,,
gps,1634223063999000000,293.2030029296875,38.12184143066406,-84.48714447021484,0013A20041D1CB94,-1.2869699001312256,,
gps,1634223064999000000,293.2569885253906,38.12190628051758,-84.48715209960938,0013A20041D1CB94,-1.295292615890503,,
gps,1634223065999000000,293.3399963378906,38.12197494506836,-84.4871597290039,0013A20041D1CB94,-1.2559874057769775,,
gps,1634223066999000000,293.3869934082031,38.12204360961914,-84.4871597290039,0013A20041D1CB94,-1.2794981002807617,,
gps,1634223067999000000,293.44500732421875,38.12211608886719,-84.48716735839844,0013A20041D1CB94,-1.27311372756958,,
gps,1634223068999000000,293.5069885253906,38.12218475341797,-84.48716735839844,0013A20041D1CB94,-1.281184434890747,,
gps,1634223069999000000,293.5169982910156,38.122257232666016,-84.48717498779297,0013A20041D1CB94,-0.47133970260620117,,
gps,1634223070999000000,293.5950012207031,38.12232971191406,-84.48717498779297,0013A20041D1CB94,0.17540454864501953,,
gps,1634223071999000000,293.5920104980469,38.12240219116211,-84.4871826171875,0013A20041D1CB94,-0.31141233444213867,,
gps,1634223072999000000,293.56201171875,38.122474670410156,-84.48719024658203,0013A20041D1CB94,-1.1846904754638672,,
gps,1634223073999000000,293.4389953613281,38.12254333496094,-84.48719024658203,0013A20041D1CB94,-1.2889866828918457,,
gps,1634223074999000000,293.40399169921875,38.122615814208984,-84.48719787597656,0013A20041D1CB94,-1.2954025268554688,,
gps,1634223075999000000,293.3429870605469,38.12268829345703,-84.48719787597656,0013A20041D1CB94,-1.2586002349853516,,
gps,1634223076999000000,293.31500244140625,38.12276077270508,-84.4872055053711,0013A20041D1CB94,-1.2813351154327393,,
gps,1634223077999000000,293.3030090332031,38.122833251953125,-84.48721313476562,0013A20041D1CB94,-1.28834867477417,,
gps,1634223078999000000,293.29901123046875,38.122901916503906,-84.48721313476562,0013A20041D1CB94,-1.262622594833374,,
gps,1634223079999000000,293.27801513671875,38.12297439575195,-84.48722076416016,0013A20041D1CB94,-1.2905867099761963,,
gps,1634223080999000000,293.2179870605469,38.123046875,-84.48722839355469,0013A20041D1CB94,0.2369523048400879,,
gps,1634223081999000000,293.1579895019531,38.12311935424805,-84.48722839355469,0013A20041D1CB94,-0.16918253898620605,,
gps,1634223082999000000,293.14300537109375,38.123191833496094,-84.48723602294922,0013A20041D1CB94,-1.02535080909729,,
gps,1634223083999000000,293.2070007324219,38.123260498046875,-84.48724365234375,0013A20041D1CB94,0.14910411834716797,,
gps,1634223084999000000,293.2409973144531,38.12333297729492,-84.48724365234375,0013A20041D1CB94,-0.7080309391021729,,
gps,1634223085999000000,293.29998779296875,38.12340545654297,-84.48725128173828,0013A20041D1CB94,-0.4270617961883545,,
gps,1634223086999000000,293.31201171875,38.123477935791016,-84.48725891113281,0013A20041D1CB94,-1.2850956916809082,,
gps,1634223087999000000,293.2869873046875,38.12355041503906,-84.48725891113281,0013A20041D1CB94,-0.4121265411376953,,
gps,1634223088999000000,293.2409973144531,38.12362289428711,-84.48726654052734,0013A20041D1CB94,-0.6911234855651855,,
gps,1634223089999000000,293.22100830078125,38.123695373535156,-84.48727416992188,0013A20041D1CB94,-1.2111847400665283,,
gps,1634223090999000000,293.2359924316406,38.12376403808594,-84.48727416992188,0013A20041D1CB94,0.7956204414367676,,
gps,1634223091999000000,293.25201416015625,38.123836517333984,-84.4872817993164,0013A20041D1CB94,0.4192013740539551,,
gps,1634223092999000000,293.2510070800781,38.12390899658203,-84.48728942871094,0013A20041D1CB94,-0.10117578506469727,,
gps,1634223093999000000,293.1929931640625,38.12398147583008,-84.48729705810547,0013A20041D1CB94,-0.9225809574127197,,
gps,1634223094999000000,293.1180114746094,38.124053955078125,-84.48729705810547,0013A20041D1CB94,1.915191650390625,,
gps,1634223095999000000,293.0639953613281,38.12412643432617,-84.4873046875,0013A20041D1CB94,1.0402159690856934,,
gps,1634223096999000000,293.0350036621094,38.12419891357422,-84.48731231689453,0013A20041D1CB94,0.18731141090393066,,
gps,1634223097999000000,292.9700012207031,38.124263763427734,-84.48731231689453,0013A20041D1CB94,-0.6332049369812012,,
gps,1634223098999000000,292.9119873046875,38.12430953979492,-84.48731994628906,0013A20041D1CB94,-1.284700632095337,,
gps,1634223099999000000,292.8479919433594,38.12434005737305,-84.48731994628906,0013A20041D1CB94,0.8812189102172852,,
gps,1634223100999000000,292.8089904785156,38.124351501464844,-84.48731994628906,0013A20041D1CB94,0.4266819953918457,,
gps,1634223101999000000,292.8760070800781,38.124351501464844,-84.48734283447266,0013A20041D1CB94,-0.4283473491668701,,
gps,1634223102999000000,292.91400146484375,38.124359130859375,-84.48738861083984,0013A20041D1CB94,-1.2699079513549805,,
gps,1634223103999000000,292.9110107421875,38.12437057495117,-84.48745727539062,0013A20041D1CB94,-1.182504653930664,,
gps,1634223104999000000,292.90301513671875,38.124393463134766,-84.48753356933594,0013A20041D1CB94,-1.2220830917358398,,
gps,1634223105999000000,292.864990234375,38.12441635131836,-84.48760986328125,0013A20041D1CB94,-0.8469569683074951,,
gps,1634223106999000000,292.85198974609375,38.12444305419922,-84.4876937866211,0013A20041D1CB94,-1.2711856365203857,,
gps,1634223107999000000,292.8370056152344,38.12446594238281,-84.4877700805664,0013A20041D1CB94,-1.2951281070709229,,
gps,1634223108999000000,292.8290100097656,38.12449264526367,-84.48785400390625,0013A20041D1CB94,-1.2390286922454834,,
gps,1634223109999000000,292.7770080566406,38.12451934814453,-84.4879379272461,0013A20041D1CB94,-1.2793076038360596,,
gps,1634223110999000000,292.7950134277344,38.12454605102539,-84.48802185058594,0013A20041D1CB94,-0.48744940757751465,,
gps,1634223111999000000,292.77398681640625,38.124568939208984,-84.48810577392578,0013A20041D1CB94,-1.280595302581787,,
gps,1634223112999000000,292.6199951171875,38.124595642089844,-84.48819732666016,0013A20041D1CB94,-0.46988463401794434,,
gps,1634223114999000000,292.4519958496094,38.1246452331543,-84.48836517333984,0013A20041D1CB94,0.5041375160217285,,
gps,1634223115999000000,292.385009765625,38.124671936035156,-84.48844909667969,0013A20041D1CB94,1.0203030109405518,,
gps,1634223116999000000,292.34698486328125,38.124698638916016,-84.48853302001953,0013A20041D1CB94,0.24919915199279785,,
gps,1634223117999000000,292.31500244140625,38.12472152709961,-84.48861694335938,0013A20041D1CB94,1.6949796676635742,,
gps,1634223118999000000,292.26800537109375,38.1247444152832,-84.48870849609375,0013A20041D1CB94,3.5913538932800293,,
gps,1634223119999000000,292.17401123046875,38.12477111816406,-84.4887924194336,0013A20041D1CB94,2.799453020095825,,
gps,1634223120999000000,292.1830139160156,38.12479782104492,-84.48887634277344,0013A20041D1CB94,2.9544713497161865,,
gps,1634223121999000000,292.18499755859375,38.124820709228516,-84.48896026611328,0013A20041D1CB94,2.080172061920166,,
gps,1634223122999000000,292.1239929199219,38.124847412109375,-84.48904418945312,0013A20041D1CB94,1.2552638053894043,,
gps,1634223123999000000,292.08599853515625,38.12487030029297,-84.4891357421875,0013A20041D1CB94,0.3810853958129883,,
gps,1634223124999000000,292.197998046875,38.12489318847656,-84.48921966552734,0013A20041D1CB94,-0.26758837699890137,,
gps,1634223125999000000,292.17999267578125,38.12491989135742,-84.48930358886719,0013A20041D1CB94,-0.2903420925140381,,
gps,1634223126999000000,292.0530090332031,38.124942779541016,-84.48938751220703,0013A20041D1CB94,-1.1297938823699951,,
gps,1634223127999000000,292.0090026855469,38.124969482421875,-84.4894790649414,0013A20041D1CB94,-1.281233549118042,,
gps,1634223128999000000,292.09100341796875,38.12499237060547,-84.48956298828125,0013A20041D1CB94,-1.2883145809173584,,
gps,1634223129999000000,292.1470031738281,38.12501907348633,-84.4896469116211,0013A20041D1CB94,-1.2821192741394043,,
gps,1634223130999000000,292.1860046386719,38.12504196166992,-84.48973083496094,0013A20041D1CB94,-1.2903902530670166,,
gps,1634223131999000000,292.1419982910156,38.125064849853516,-84.48981475830078,0013A20041D1CB94,0.8771491050720215,,
gps,1634223132999000000,292.0459899902344,38.125091552734375,-84.48990631103516,0013A20041D1CB94,0.45359325408935547,,
gps,1634223133999000000,292.0790100097656,38.125118255615234,-84.489990234375,0013A20041D1CB94,-0.3972032070159912,,
gps,1634223134999000000,292.1130065917969,38.12514114379883,-84.49007415771484,0013A20041D1CB94,-1.2418770790100098,,
gps,1634223135999000000,292.1659851074219,38.12516784667969,-84.49015808105469,0013A20041D1CB94,-1.2685422897338867,,
gps,1634223136999000000,292.1390075683594,38.12519073486328,-84.49024200439453,0013A20041D1CB94,-1.2759544849395752,,
gps,1634223137999000000,292.1619873046875,38.12521743774414,-84.4903335571289,0013A20041D1CB94,-1.299499750137329,,
gps,1634223138999000000,292.17999267578125,38.125240325927734,-84.49041748046875,0013A20041D1CB94,-1.148871660232544,,
gps,1634223139999000000,292.1929931640625,38.125267028808594,-84.4905014038086,0013A20041D1CB94,-1.2369072437286377,,
gps,1634223140999000000,292.2250061035156,38.12528991699219,-84.49058532714844,0013A20041D1CB94,-0.8772845268249512,,
gps,1634223141999000000,292.2380065917969,38.12531280517578,-84.49066925048828,0013A20041D1CB94,-1.2868688106536865,,
gps,1634223142999000000,292.1659851074219,38.12533950805664,-84.49075317382812,0013A20041D1CB94,-1.2606914043426514,,
gps,1634223143999000000,292.1860046386719,38.125362396240234,-84.4908447265625,0013A20041D1CB94,-1.237950086593628,,
gps,1634223144999000000,292.2120056152344,38.125389099121094,-84.49092864990234,0013A20041D1CB94,-1.279167890548706,,
gps,1634223145999000000,292.14898681640625,38.12541198730469,-84.49101257324219,0013A20041D1CB94,-0.4696366786956787,,
gps,1634223146999000000,292.1499938964844,38.12543869018555,-84.49110412597656,0013A20041D1CB94,-1.2456042766571045,,
gps,1634223147999000000,292.1659851074219,38.12546157836914,-84.4911880493164,0013A20041D1CB94,-0.8373613357543945,,
gps,1634223148999000000,292.2090148925781,38.12548828125,-84.49127197265625,0013A20041D1CB94,-1.2772564888000488,,
gps,1634223149999000000,292.18798828125,38.125511169433594,-84.4913558959961,0013A20041D1CB94,-1.2181024551391602,,
gps,1634223150999000000,292.1730041503906,38.12553787231445,-84.49144744873047,0013A20041D1CB94,-1.1191718578338623,,
gps,1634223151999000000,292.2430114746094,38.12556076049805,-84.49153137207031,0013A20041D1CB94,-1.2383744716644287,,
gps,1634223152999000000,292.375,38.125587463378906,-84.49161529541016,0013A20041D1CB94,0.8650693893432617,,
gps,1634223153999000000,292.4150085449219,38.1256103515625,-84.49169921875,0013A20041D1CB94,1.1282544136047363,,
gps,1634223154999000000,292.4079895019531,38.12563705444336,-84.49179077148438,0013A20041D1CB94,1.4887707233428955,,
gps,1634223155999000000,292.38800048828125,38.12565994262695,-84.49187469482422,0013A20041D1CB94,0.7464609146118164,,
gps,1634223156999000000,292.4339904785156,38.12568664550781,-84.49195861816406,0013A20041D1CB94,0.3367276191711426,,
gps,1634223157999000000,292.4729919433594,38.125709533691406,-84.4920425415039,0013A20041D1CB94,-0.5349147319793701,,
gps,1634223158999000000,292.3890075683594,38.125736236572266,-84.49213409423828,0013A20041D1CB94,-1.278759479522705,,
gps,1634223159999000000,292.3340148925781,38.12575912475586,-84.49221801757812,0013A20041D1CB94,-0.920006513595581,,
gps,1634223160999000000,292.4150085449219,38.12578582763672,-84.49230194091797,0013A20041D1CB94,-1.263805627822876,,
gps,1634223161999000000,292.4110107421875,38.12580871582031,-84.49239349365234,0013A20041D1CB94,-1.2560186386108398,,
gps,1634223163999000000,292.3479919433594,38.125858306884766,-84.49256134033203,0013A20041D1CB94,1.1275908946990967,,
gps,1634223166999000000,292.2149963378906,38.12593460083008,-84.4928207397461,0013A20041D1CB94,5.6143739223480225,,
gps,1634223167999000000,292.1409912109375,38.12596130371094,-84.49290466308594,0013A20041D1CB94,4.740464687347412,,
gps,1634223168999000000,292.15301513671875,38.12598419189453,-84.49298858642578,0013A20041D1CB94,4.023906469345093,,
gps,1634223169999000000,292.135009765625,38.12601089477539,-84.49307250976562,0013A20041D1CB94,3.9737815856933594,,
gps,1634223170999000000,292.156005859375,38.126033782958984,-84.4931640625,0013A20041D1CB94,3.101660966873169,,
gps,1634223171999000000,292.1499938964844,38.12605667114258,-84.49324798583984,0013A20041D1CB94,2.245720148086548,,
gps,1634223173999000000,292.12298583984375,38.12610626220703,-84.49342346191406,0013A20041D1CB94,0.32597851753234863,,
gps,1634223174999000000,292.1629943847656,38.126129150390625,-84.49349975585938,0013A20041D1CB94,-0.31870222091674805,,
gps,1634223175999000000,292.12701416015625,38.12615203857422,-84.49356842041016,0013A20041D1CB94,-1.2744934558868408,,
gps,1634223176999000000,292.0989990234375,38.126163482666016,-84.49360656738281,0013A20041D1CB94,-1.28330397605896,,
gps,1634223177999000000,292.135986328125,38.12616729736328,-84.49362182617188,0013A20041D1CB94,-1.2739033699035645,,
gps,1634223178999000000,292.0360107421875,38.12617874145508,-84.49361419677734,0013A20041D1CB94,-1.2823691368103027,,
gps,1634223179999000000,291.927001953125,38.12620544433594,-84.49359893798828,0013A20041D1CB94,-0.8595974445343018,,
gps,1634223180999000000,291.90301513671875,38.126243591308594,-84.49356842041016,0013A20041D1CB94,-1.2486226558685303,,
gps,1634223181999000000,291.9259948730469,38.12629699707031,-84.4935302734375,0013A20041D1CB94,-1.274285078048706,,
gps,1634223182999000000,291.875,38.12636184692383,-84.49348449707031,0013A20041D1CB94,-0.46800732612609863,,
gps,1634223183999000000,291.8609924316406,38.12642288208008,-84.49345397949219,0013A20041D1CB94,0.7080252170562744,,
gps,1634223184999000000,291.85101318359375,38.12648391723633,-84.49341583251953,0013A20041D1CB94,-0.1404116153717041,,
gps,1634223185999000000,291.9110107421875,38.12654113769531,-84.4933853149414,0013A20041D1CB94,-1.004382610321045,,
gps,1634223186999000000,291.9389953613281,38.12660217285156,-84.49334716796875,0013A20041D1CB94,0.12394213676452637,,
gps,1634223187999000000,291.99200439453125,38.12665939331055,-84.49331665039062,0013A20041D1CB94,1.4908437728881836,,
gps,1634223188999000000,291.9859924316406,38.12672424316406,-84.49327850341797,0013A20041D1CB94,2.092219352722168,,
gps,1634223189999000000,292.00201416015625,38.12678909301758,-84.49324035644531,0013A20041D1CB94,1.2539680004119873,,
gps,1634223190999000000,292.0299987792969,38.126853942871094,-84.49320220947266,0013A20041D1CB94,0.9093019962310791,,
gps,1634223191999000000,292.0669860839844,38.12691879272461,-84.49317169189453,0013A20041D1CB94,1.5219039916992188,,
gps,1634223192999000000,292.0539855957031,38.126983642578125,-84.49313354492188,0013A20041D1CB94,0.6592745780944824,,
gps,1634223193999000000,292.0660095214844,38.12704849243164,-84.49309539794922,0013A20041D1CB94,-0.20682954788208008,,
gps,1634223194999000000,292.09100341796875,38.127113342285156,-84.49305725097656,0013A20041D1CB94,-1.0788278579711914,,
gps,1634223195999000000,292.1300048828125,38.12717819213867,-84.4930191040039,0013A20041D1CB94,-1.2618179321289062,,
gps,1634223196999000000,292.1189880371094,38.12724304199219,-84.49298095703125,0013A20041D1CB94,-1.2863502502441406,,
gps,1634223197999000000,292.1600036621094,38.1273078918457,-84.4929428100586,0013A20041D1CB94,-1.2627007961273193,,
gps,1634223198999000000,292.1400146484375,38.12737274169922,-84.49290466308594,0013A20041D1CB94,-0.82291579246521,,
gps,1634223199999000000,292.1310119628906,38.127437591552734,-84.49286651611328,0013A20041D1CB94,-0.9260332584381104,,
gps,1634223200999000000,292.1759948730469,38.12750244140625,-84.49282836914062,0013A20041D1CB94,-1.2852435111999512,,
gps,1634223201999000000,292.2120056152344,38.127567291259766,-84.49279022216797,0013A20041D1CB94,-0.8300673961639404,,
gps,1634223202999000000,292.2099914550781,38.12763214111328,-84.49275207519531,0013A20041D1CB94,-1.2856884002685547,,
gps,1634223203999000000,292.2349853515625,38.1276969909668,-84.49271392822266,0013A20041D1CB94,-1.2643330097198486,,
gps,1634223204999000000,292.2139892578125,38.12776184082031,-84.49267578125,0013A20041D1CB94,-1.2725658416748047,,
gps,1634223205999000000,292.16400146484375,38.12782669067383,-84.49263763427734,0013A20041D1CB94,-1.2784628868103027,,
gps,1634223206999000000,292.0530090332031,38.127891540527344,-84.49259948730469,0013A20041D1CB94,-1.1696372032165527,,
gps,1634223207999000000,291.95599365234375,38.127960205078125,-84.49256134033203,0013A20041D1CB94,-0.7518212795257568,,
gps,1634223208999000000,291.9620056152344,38.12802505493164,-84.49252319335938,0013A20041D1CB94,-0.1240091323852539,,
gps,1634223209999000000,292.0069885253906,38.128089904785156,-84.49248504638672,0013A20041D1CB94,-0.8433470726013184,,
gps,1634223210999000000,292.0530090332031,38.12815475463867,-84.49244689941406,0013A20041D1CB94,-1.2874090671539307,,
gps,1634223211999000000,292.0920104980469,38.12821960449219,-84.4924087524414,0013A20041D1CB94,-1.2814230918884277,,
gps,1634223212999000000,292.10101318359375,38.1282844543457,-84.49237060546875,0013A20041D1CB94,-0.8418316841125488,,
gps,1634223213999000000,292.1319885253906,38.128353118896484,-84.4923324584961,0013A20041D1CB94,-1.2807927131652832,,
gps,1634223214999000000,292.177001953125,38.12841796875,-84.49229431152344,0013A20041D1CB94,-1.2897143363952637,,
gps,1634223215999000000,292.22900390625,38.128482818603516,-84.49225616455078,0013A20041D1CB94,-1.2499303817749023,,
gps,1634223216999000000,292.1390075683594,38.12854766845703,-84.49221801757812,0013A20041D1CB94,-1.274662733078003,,
gps,1634223217999000000,292.2300109863281,38.12861251831055,-84.49217987060547,0013A20041D1CB94,-1.2822041511535645,,
gps,1634223218999000000,292.3110046386719,38.12868118286133,-84.49214172363281,0013A20041D1CB94,-1.2897861003875732,,
gps,1634223219999000000,292.30499267578125,38.128746032714844,-84.49210357666016,0013A20041D1CB94,-1.2839412689208984,,
gps,1634223220999000000,292.25299072265625,38.12881088256836,-84.4920654296875,0013A20041D1CB94,-0.3790731430053711,,
gps,1634223221999000000,292.22900390625,38.12887191772461,-84.49203491210938,0013A20041D1CB94,0.042534589767456055,,
gps,1634223222999000000,292.1919860839844,38.12892150878906,-84.49200439453125,0013A20041D1CB94,-0.7462160587310791,,
gps,1634223223999000000,292.177001953125,38.12895202636719,-84.49198150634766,0013A20041D1CB94,-1.2834291458129883,,
gps,1634223224999000000,292.2349853515625,38.12896728515625,-84.49197387695312,0013A20041D1CB94,-1.2890162467956543,,
gps,1634223225999000000,292.27801513671875,38.128963470458984,-84.49195861816406,0013A20041D1CB94,-1.2675511837005615,,
gps,1634223226999000000,292.3070068359375,38.12894821166992,-84.49192810058594,0013A20041D1CB94,-1.2751712799072266,,
gps,1634223227999000000,292.2650146484375,38.12892532348633,-84.49187469482422,0013A20041D1CB94,-0.8502693176269531,,
gps,1634223228999000000,292.20599365234375,38.12889862060547,-84.49180603027344,0013A20041D1CB94,-1.273843765258789,,
gps,1634223229999000000,292.0660095214844,38.128875732421875,-84.4917221069336,0013A20041D1CB94,-0.3560769557952881,,
gps,1634223230999000000,292.0190124511719,38.12885665893555,-84.49163818359375,0013A20041D1CB94,-1.1650545597076416,,
gps,1634223231999000000,292.06201171875,38.12883377075195,-84.49156188964844,0013A20041D1CB94,-1.2818107604980469,,
gps,1634223232999000000,292.04400634765625,38.12881088256836,-84.4914779663086,0013A20041D1CB94,-1.174103021621704,,
gps,1634223233999000000,292.0249938964844,38.128787994384766,-84.49139404296875,0013A20041D1CB94,-0.19863152503967285,,
gps,1634223237999000000,291.89599609375,38.12868881225586,-84.49105834960938,0013A20041D1CB94,4.873979568481445,,
gps,1634223238999000000,291.9469909667969,38.128665924072266,-84.49097442626953,0013A20041D1CB94,4.015230417251587,,
gps,1634223239999000000,292.0379943847656,38.128639221191406,-84.49089050292969,0013A20041D1CB94,5.084097862243652,,
gps,1634223240999000000,292.0669860839844,38.12861633300781,-84.49080657958984,0013A20041D1CB94,4.22592306137085,,
gps,1634223241999000000,292.0270080566406,38.12858963012695,-84.49072265625,0013A20041D1CB94,3.4194889068603516,,
gps,1634223242999000000,291.9739990234375,38.12856674194336,-84.49063873291016,0013A20041D1CB94,2.5452516078948975,,
gps,1634223244999000000,291.90399169921875,38.128517150878906,-84.49046325683594,0013A20041D1CB94,1.360649824142456,,
gps,1634223246999000000,291.8529968261719,38.12846755981445,-84.49029541015625,0013A20041D1CB94,-0.4471127986907959,,
gps,1634223247999000000,291.885986328125,38.128440856933594,-84.4902114868164,0013A20041D1CB94,0.14063549041748047,,
gps,1634223248999000000,291.94000244140625,38.12841796875,-84.49011993408203,0013A20041D1CB94,-0.7180557250976562,,
gps,1634223249999000000,291.9830017089844,38.12839126586914,-84.49003601074219,0013A20041D1CB94,-1.2684338092803955,,
gps,1634223250999000000,291.9930114746094,38.12836837768555,-84.48995208740234,0013A20041D1CB94,-0.7519137859344482,,
gps,1634223251999000000,291.99798583984375,38.12834167480469,-84.4898681640625,0013A20041D1CB94,-1.239241361618042,,
gps,1634223252999000000,291.9469909667969,38.12831497192383,-84.48978424072266,0013A20041D1CB94,-1.280233383178711,,
gps,1634223253999000000,291.8370056152344,38.128292083740234,-84.48970031738281,0013A20041D1CB94,-1.287933588027954,,
gps,1634223254999000000,291.82501220703125,38.128265380859375,-84.48960876464844,0013A20041D1CB94,-1.270799160003662,,
gps,1634223255999000000,291.8680114746094,38.12824249267578,-84.4895248413086,0013A20041D1CB94,-1.225008249282837,,
gps,1634223256999000000,291.9219970703125,38.12821578979492,-84.48944091796875,0013A20041D1CB94,-1.2797675132751465,,
gps,1634223257999000000,291.9670104980469,38.12818908691406,-84.4893569946289,0013A20041D1CB94,-1.2575392723083496,,
gps,1634223258999000000,292.0799865722656,38.12816619873047,-84.48927307128906,0013A20041D1CB94,-0.7675375938415527,,
gps,1634223259999000000,292.1650085449219,38.12813949584961,-84.48918914794922,0013A20041D1CB94,-1.2907137870788574,,
gps,1634223260999000000,292.1050109863281,38.128116607666016,-84.48909759521484,0013A20041D1CB94,-0.897148609161377,,
gps,1634223261999000000,292.1130065917969,38.128089904785156,-84.489013671875,0013A20041D1CB94,-1.2893857955932617,,
gps,1634223262999000000,292.09600830078125,38.1280632019043,-84.48892974853516,0013A20041D1CB94,-1.2969083786010742,,
gps,1634223263999000000,292.0570068359375,38.1280403137207,-84.48884582519531,0013A20041D1CB94,-1.2735919952392578,,
gps,1634223264999000000,292.07598876953125,38.128013610839844,-84.48876190185547,0013A20041D1CB94,-1.235234260559082,,
gps,1634223265999000000,292.114990234375,38.12799072265625,-84.4886703491211,0013A20041D1CB94,-1.2736749649047852,,
gps,1634223266999000000,292.0570068359375,38.12796401977539,-84.48858642578125,0013A20041D1CB94,-1.282672643661499,,
gps,1634223267999000000,292.0780029296875,38.12793731689453,-84.4885025024414,0013A20041D1CB94,-1.2903809547424316,,
gps,1634223268999000000,292.1159973144531,38.12791442871094,-84.48841857910156,0013A20041D1CB94,-1.2662122249603271,,
gps,1634223269999000000,292.1029968261719,38.12788772583008,-84.48832702636719,0013A20041D1CB94,-1.2731602191925049,,
gps,1634223270999000000,292.1239929199219,38.127864837646484,-84.48824310302734,0013A20041D1CB94,-1.2797462940216064,,
gps,1634223271999000000,292.12200927734375,38.127838134765625,-84.4881591796875,0013A20041D1CB94,-0.07457423210144043,,
gps,1634223272999000000,292.1319885253906,38.127811431884766,-84.48807525634766,0013A20041D1CB94,-0.06565594673156738,,
gps,1634223273999000000,292.1189880371094,38.12778854370117,-84.48799133300781,0013A20041D1CB94,-0.8907082080841064,,
gps,1634223274999000000,292.07000732421875,38.12776184082031,-84.48789978027344,0013A20041D1CB94,-1.2843914031982422,,
gps,1634223275999000000,292.06201171875,38.12773895263672,-84.4878158569336,0013A20041D1CB94,-1.2601003646850586,,
gps,1634223276999000000,292.1109924316406,38.12771224975586,-84.48773193359375,0013A20041D1CB94,-1.2841527462005615,,
gps,1634223277999000000,292.1619873046875,38.127689361572266,-84.4876480102539,0013A20041D1CB94,-1.2926344871520996,,
gps,1634223278999000000,292.14801025390625,38.12767028808594,-84.48757934570312,0013A20041D1CB94,-1.282625675201416,,
gps,1634223279999000000,292.2250061035156,38.12765884399414,-84.48753356933594,0013A20041D1CB94,-1.2148938179016113,,
gps,1634223280999000000,292.20098876953125,38.12765121459961,-84.48750305175781,0013A20041D1CB94,-1.2844619750976562,,
gps,1634223281999000000,292.135009765625,38.12765884399414,-84.48750305175781,0013A20041D1CB94,-1.2760231494903564,,
gps,1634223282999000000,292.072998046875,38.127681732177734,-84.48750305175781,0013A20041D1CB94,-1.2853598594665527,,
gps,1634223283999000000,292.0270080566406,38.12771987915039,-84.48751831054688,0013A20041D1CB94,-1.2925167083740234,,
gps,1634223284999000000,292.02099609375,38.127777099609375,-84.4875259399414,0013A20041D1CB94,-0.8994596004486084,,
gps,1634223285999000000,292.0320129394531,38.127845764160156,-84.48753356933594,0013A20041D1CB94,-1.2759590148925781,,
gps,1634223286999000000,292.0639953613281,38.12791442871094,-84.48754119873047,0013A20041D1CB94,-1.2851009368896484,,
gps,1634223287999000000,292.1300048828125,38.12797927856445,-84.48754119873047,0013A20041D1CB94,0.08404994010925293,,
gps,1634223288999000000,292.1579895019531,38.1280403137207,-84.487548828125,0013A20041D1CB94,-0.693821907043457,,
gps,1634223289999000000,292.2040100097656,38.12810516357422,-84.487548828125,0013A20041D1CB94,-1.278672456741333,,
gps,1634223290999000000,292.28900146484375,38.128170013427734,-84.487548828125,0013A20041D1CB94,-0.06991910934448242,,
gps,1634223291999000000,292.3160095214844,38.12823486328125,-84.487548828125,0013A20041D1CB94,-0.44496893882751465,,
gps,1634223292999000000,292.3219909667969,38.12830352783203,-84.48755645751953,0013A20041D1CB94,-0.8871612548828125,,
gps,1634223293999000000,292.2860107421875,38.12837600708008,-84.48755645751953,0013A20041D1CB94,-0.8471860885620117,,
gps,1634223294999000000,292.2650146484375,38.128448486328125,-84.48756408691406,0013A20041D1CB94,-1.2547473907470703,,
gps,1634223295999000000,292.25799560546875,38.128517150878906,-84.48756408691406,0013A20041D1CB94,0.5659887790679932,,
gps,1634223296999000000,292.2699890136719,38.12858963012695,-84.4875717163086,0013A20041D1CB94,0.6320979595184326,,
gps,1634223297999000000,292.34600830078125,38.128662109375,-84.4875717163086,0013A20041D1CB94,-0.10967040061950684,,
gps,1634223298999000000,292.3940124511719,38.12873458862305,-84.48757934570312,0013A20041D1CB94,-0.8874516487121582,,
gps,1634223299999000000,292.4580078125,38.128807067871094,-84.48757934570312,0013A20041D1CB94,-1.278843879699707,,
gps,1634223300999000000,292.47601318359375,38.12887954711914,-84.48758697509766,0013A20041D1CB94,-0.4396517276763916,,
gps,1634223301999000000,292.4909973144531,38.12894821166992,-84.48758697509766,0013A20041D1CB94,-1.2794663906097412,,
gps,1634223302999000000,292.47698974609375,38.12902069091797,-84.48759460449219,0013A20041D1CB94,0.16800212860107422,,
gps,1634223303999000000,292.5199890136719,38.129093170166016,-84.48759460449219,0013A20041D1CB94,-0.6890895366668701,,
gps,1634223304999000000,292.5190124511719,38.12916564941406,-84.48760223388672,0013A20041D1CB94,-1.2727882862091064,,
gps,1634223305999000000,292.5220031738281,38.12923812866211,-84.48760223388672,0013A20041D1CB94,-1.2197377681732178,,
gps,1634223306999000000,292.4729919433594,38.129310607910156,-84.48760986328125,0013A20041D1CB94,0.4374685287475586,,
gps,1634223307999000000,292.50299072265625,38.1293830871582,-84.48760986328125,0013A20041D1CB94,0.9244067668914795,,
gps,1634223308999000000,292.5580139160156,38.129451751708984,-84.48761749267578,0013A20041D1CB94,0.10392928123474121,,
gps,1634223309999000000,292.62799072265625,38.12952423095703,-84.48761749267578,0013A20041D1CB94,-0.7687966823577881,,
gps,1634223310999000000,292.63299560546875,38.12959671020508,-84.48762512207031,0013A20041D1CB94,-1.2881999015808105,,
gps,1634223311999000000,292.7120056152344,38.129669189453125,-84.48763275146484,0013A20041D1CB94,1.2751429080963135,,
gps,1634223312999000000,292.760986328125,38.12974166870117,-84.48763275146484,0013A20041D1CB94,1.3245985507965088,,
gps,1634223313999000000,292.7860107421875,38.12981414794922,-84.48764038085938,0013A20041D1CB94,0.40979504585266113,,
gps,1634223314999000000,292.7699890136719,38.129886627197266,-84.48764038085938,0013A20041D1CB94,-0.5107548236846924,,
gps,1634223315999000000,292.7090148925781,38.12995910644531,-84.4876480102539,0013A20041D1CB94,0.5733535289764404,,
gps,1634223316999000000,292.6780090332031,38.130027770996094,-84.48765563964844,0013A20041D1CB94,-0.2664017677307129,,
gps,1634223317999000000,292.6310119628906,38.13010025024414,-84.48765563964844,0013A20041D1CB94,0.23675990104675293,,
gps,1634223318999000000,292.6619873046875,38.13017272949219,-84.48766326904297,0013A20041D1CB94,-0.6027123928070068,,
gps,1634223319999000000,292.6780090332031,38.130245208740234,-84.48766326904297,0013A20041D1CB94,-1.2200193405151367,,
gps,1634223320999000000,292.6310119628906,38.13031768798828,-84.4876708984375,0013A20041D1CB94,-1.2763378620147705,,
gps,1634223322999000000,292.59698486328125,38.13045883178711,-84.48767852783203,0013A20041D1CB94,0.6614503860473633,,
gps,1634223323999000000,292.635986328125,38.130531311035156,-84.48767852783203,0013A20041D1CB94,-0.19107365608215332,,
gps,1634223324999000000,292.6109924316406,38.1306037902832,-84.48768615722656,0013A20041D1CB94,-1.0520422458648682,,
gps,1634223325999000000,292.5419921875,38.13067626953125,-84.48768615722656,0013A20041D1CB94,-1.2655887603759766,,
gps,1634223326999000000,292.48199462890625,38.1307487487793,-84.4876937866211,0013A20041D1CB94,-1.214015007019043,,
gps,1634223327999000000,292.4800109863281,38.13081741333008,-84.48770141601562,0013A20041D1CB94,-1.2836787700653076,,
gps,1634223328999000000,292.4639892578125,38.130889892578125,-84.48770141601562,0013A20041D1CB94,-1.291985034942627,,
gps,1634223329999000000,292.4339904785156,38.130958557128906,-84.48770904541016,0013A20041D1CB94,-1.2520287036895752,,
gps,1634223330999000000,292.4809875488281,38.13100814819336,-84.48770904541016,0013A20041D1CB94,-0.8134639263153076,,
gps,1634223331999000000,292.3529968261719,38.131038665771484,-84.48770904541016,0013A20041D1CB94,-1.2834930419921875,,
gps,1634223332999000000,292.2909851074219,38.13105010986328,-84.48771667480469,0013A20041D1CB94,-1.262303113937378,,
gps,1634223333999000000,292.3179931640625,38.13105010986328,-84.48773193359375,0013A20041D1CB94,-1.285949468612671,,
gps,1634223334999000000,292.4339904785156,38.13105392456055,-84.48777770996094,0013A20041D1CB94,-1.2933931350708008,,
gps,1634223335999000000,292.50799560546875,38.131065368652344,-84.48784637451172,0013A20041D1CB94,-1.2540359497070312,,
gps,1634223336999000000,292.572998046875,38.13108444213867,-84.48792266845703,0013A20041D1CB94,-0.9607727527618408,,
gps,1634223337999000000,292.5830078125,38.131107330322266,-84.48799896240234,0013A20041D1CB94,1.1924595832824707,,
gps,1634223338999000000,292.5979919433594,38.13113021850586,-84.48808288574219,0013A20041D1CB94,2.62471604347229,,
gps,1634223339999000000,292.67999267578125,38.13115692138672,-84.48816680908203,0013A20041D1CB94,5.654523134231567,,
gps,1634223341999000000,292.54901123046875,38.13120651245117,-84.48832702636719,0013A20041D1CB94,7.803107023239136,,
gps,1634223342999000000,292.4949951171875,38.131229400634766,-84.48841857910156,0013A20041D1CB94,8.687591552734375,,
gps,1634223351999000000,292.6109924316406,38.131446838378906,-84.48918914794922,0013A20041D1CB94,6.900660276412964,,
gps,1634223352999000000,292.572998046875,38.1314697265625,-84.48927307128906,0013A20041D1CB94,7.518738508224487,,
gps,1634223360999000000,292.2099914550781,38.13166046142578,-84.48995971679688,0013A20041D1CB94,0.09505796432495117,,
gps,1634223361999000000,292.1669921875,38.131683349609375,-84.49004364013672,0013A20041D1CB94,-0.5840334892272949,,
gps,1634223362999000000,292.1199951171875,38.131710052490234,-84.4901351928711,0013A20041D1CB94,-1.2636363506317139,,
gps,1634223363999000000,292.0889892578125,38.13173294067383,-84.49021911621094,0013A20041D1CB94,-1.1954119205474854,,
gps,1634223364999000000,291.99700927734375,38.13175582885742,-84.49030303955078,0013A20041D1CB94,-0.8823883533477783,,
gps,1634223365999000000,291.8550109863281,38.131771087646484,-84.49036407470703,0013A20041D1CB94,-1.2559967041015625,,
gps,1634223366999000000,291.77301025390625,38.13178253173828,-84.49040222167969,0013A20041D1CB94,-1.2830748558044434,,
gps,1634223367999000000,291.77301025390625,38.13178634643555,-84.49040985107422,0013A20041D1CB94,-1.2586774826049805,,
gps,1634223368999000000,291.7720031738281,38.131771087646484,-84.49040985107422,0013A20041D1CB94,-1.2855579853057861,,
gps,1634223369999000000,291.79400634765625,38.13174057006836,-84.49041748046875,0013A20041D1CB94,-1.2914178371429443,,
gps,1634223370999000000,291.77099609375,38.131690979003906,-84.49044036865234,0013A20041D1CB94,-1.2815253734588623,,
gps,1634223371999000000,291.82501220703125,38.13163375854492,-84.49047088623047,0013A20041D1CB94,-1.2762644290924072,,
gps,1634223372999000000,291.8299865722656,38.13157272338867,-84.49050903320312,0013A20041D1CB94,-1.282658576965332,,
gps,1634223373999000000,291.7760009765625,38.13151550292969,-84.49054718017578,0013A20041D1CB94,-1.2773854732513428,,
gps,1634223374999000000,291.6780090332031,38.13145446777344,-84.49058532714844,0013A20041D1CB94,-0.1286623477935791,,
gps,1634223375999000000,291.6820068359375,38.13139724731445,-84.4906234741211,0013A20041D1CB94,-0.9707427024841309,,
gps,1634223376999000000,291.7030029296875,38.13133239746094,-84.49066162109375,0013A20041D1CB94,-1.2859349250793457,,
gps,1634223377999000000,291.718994140625,38.13127136230469,-84.4906997680664,0013A20041D1CB94,-1.245683193206787,,
gps,1634223378999000000,291.7349853515625,38.13120651245117,-84.49073791503906,0013A20041D1CB94,-1.2511639595031738,,
gps,1634223379999000000,291.80999755859375,38.13113784790039,-84.49077606201172,0013A20041D1CB94,-1.2936739921569824,,
gps,1634223380999000000,291.8940124511719,38.131072998046875,-84.49081420898438,0013A20041D1CB94,-0.8058207035064697,,
gps,1634223381999000000,291.9159851074219,38.13100814819336,-84.49085235595703,0013A20041D1CB94,0.09969091415405273,,
gps,1634223382999000000,291.9620056152344,38.130943298339844,-84.49089050292969,0013A20041D1CB94,-0.7726149559020996,,
gps,1634223383999000000,292.00799560546875,38.13087844848633,-84.49092864990234,0013A20041D1CB94,-1.2615070343017578,,
gps,1634223384999000000,292.02899169921875,38.13081359863281,-84.490966796875,0013A20041D1CB94,-1.2236275672912598,,
gps,1634223385999000000,292.02099609375,38.1307487487793,-84.49100494384766,0013A20041D1CB94,-1.2731881141662598,,
gps,1634223386999000000,292.0459899902344,38.13068389892578,-84.49104309082031,0013A20041D1CB94,-1.2736701965332031,,
gps,1634223387999000000,292.11199951171875,38.130619049072266,-84.49108123779297,0013A20041D1CB94,-1.2946932315826416,,
gps,1634223388999000000,292.1470031738281,38.13055419921875,-84.49111938476562,0013A20041D1CB94,-1.2850384712219238,,
gps,1634223389999000000,292.1719970703125,38.13048553466797,-84.49115753173828,0013A20041D1CB94,-0.8924195766448975,,
gps,1634223390999000000,292.13800048828125,38.13042068481445,-84.49119567871094,0013A20041D1CB94,-1.2831225395202637,,
gps,1634223391999000000,292.2090148925781,38.13035583496094,-84.4912338256836,0013A20041D1CB94,-1.2814548015594482,,
gps,1634223392999000000,292.2760009765625,38.13029098510742,-84.49127197265625,0013A20041D1CB94,-1.2875328063964844,,
gps,1634223393999000000,292.2539978027344,38.130226135253906,-84.4913101196289,0013A20041D1CB94,-0.8163485527038574,,
gps,1634223394999000000,292.218994140625,38.13016128540039,-84.49134826660156,0013A20041D1CB94,-1.2840378284454346,,
gps,1634223395999000000,292.1080017089844,38.130096435546875,-84.49138641357422,0013A20041D1CB94,-1.2592148780822754,,
gps,1634223396999000000,292.07501220703125,38.130027770996094,-84.49141693115234,0013A20041D1CB94,-1.210503101348877,,
gps,1634223397999000000,292.0610046386719,38.12996292114258,-84.491455078125,0013A20041D1CB94,-1.2812011241912842,,
gps,1634223398999000000,292.114013671875,38.12989807128906,-84.49149322509766,0013A20041D1CB94,0.18645238876342773,,
gps,1634223399999000000,292.1000061035156,38.12983322143555,-84.49153137207031,0013A20041D1CB94,-0.6221559047698975,,
gps,1634223400999000000,292.1449890136719,38.12976837158203,-84.49156951904297,0013A20041D1CB94,-1.2856082916259766,,
gps,1634223402999000000,292.1390075683594,38.129638671875,-84.49164581298828,0013A20041D1CB94,1.6670796871185303,,
gps,1634223403999000000,292.0880126953125,38.129573822021484,-84.49168395996094,0013A20041D1CB94,0.8104617595672607,,
gps,1634223404999000000,292.07501220703125,38.12950897216797,-84.4917221069336,0013A20041D1CB94,0.07227039337158203,,
gps,1634223405999000000,292.0690002441406,38.12944030761719,-84.49176025390625,0013A20041D1CB94,0.03419804573059082,,
gps,1634223406999000000,292.07501220703125,38.12937545776367,-84.4917984008789,0013A20041D1CB94,-0.8403034210205078,,
gps,1634223407999000000,292.0880126953125,38.129310607910156,-84.49183654785156,0013A20041D1CB94,-1.2648286819458008,,
gps,1634223408999000000,292.0899963378906,38.12924575805664,-84.49187469482422,0013A20041D1CB94,-1.1465718746185303,,
gps,1634223409999000000,292.04998779296875,38.12917709350586,-84.49191284179688,0013A20041D1CB94,-0.43501949310302734,,
gps,1634223410999000000,292.01800537109375,38.129112243652344,-84.49195098876953,0013A20041D1CB94,-1.1628305912017822,,
gps,1634223411999000000,291.98199462890625,38.12904739379883,-84.49198913574219,0013A20041D1CB94,-0.8510725498199463,,
gps,1634223412999000000,291.9339904785156,38.12898254394531,-84.49201965332031,0013A20041D1CB94,-1.2126152515411377,,
gps,1634223413999000000,291.9330139160156,38.1289176940918,-84.49205780029297,0013A20041D1CB94,-1.2660915851593018,,
gps,1634223414999000000,291.875,38.128849029541016,-84.49209594726562,0013A20041D1CB94,-1.2910187244415283,,
gps,1634223415999000000,291.739013671875,38.1287841796875,-84.49213409423828,0013A20041D1CB94,-1.2477731704711914,,
gps,1634223416999000000,291.677001953125,38.128719329833984,-84.49217224121094,0013A20041D1CB94,-1.277841567993164,,
gps,1634223417999000000,291.64801025390625,38.12865447998047,-84.4922103881836,0013A20041D1CB94,-1.2686083316802979,,
gps,1634223418999000000,291.7539978027344,38.12858963012695,-84.49224853515625,0013A20041D1CB94,-1.2764406204223633,,
gps,1634223419999000000,291.7179870605469,38.12852478027344,-84.4922866821289,0013A20041D1CB94,-0.864300012588501,,
gps,1634223420999000000,291.6610107421875,38.128456115722656,-84.49232482910156,0013A20041D1CB94,-1.2731258869171143,,
gps,1634223421999000000,291.6099853515625,38.12839126586914,-84.49236297607422,0013A20041D1CB94,-1.2841761112213135,,
gps,1634223422999000000,291.6130065917969,38.128326416015625,-84.49240112304688,0013A20041D1CB94,-1.2773222923278809,,
gps,1634223423999000000,291.6520080566406,38.12826156616211,-84.49243927001953,0013A20041D1CB94,-1.284963607788086,,
gps,1634223424999000000,291.64300537109375,38.128196716308594,-84.49247741699219,0013A20041D1CB94,-1.291393756866455,,
gps,1634223425999000000,291.5840148925781,38.12813186645508,-84.49251556396484,0013A20041D1CB94,-0.422257661819458,,
gps,1634223426999000000,291.57598876953125,38.12806701660156,-84.4925537109375,0013A20041D1CB94,-1.2790210247039795,,
gps,1634223427999000000,291.614990234375,38.12800216674805,-84.49259185791016,0013A20041D1CB94,-0.8221313953399658,,
gps,1634223428999000000,291.6159973144531,38.12793731689453,-84.49263000488281,0013A20041D1CB94,-1.2939739227294922,,
gps,1634223429999000000,291.5920104980469,38.12786865234375,-84.49266815185547,0013A20041D1CB94,-1.2867381572723389,,
gps,1634223430999000000,291.593994140625,38.127803802490234,-84.49270629882812,0013A20041D1CB94,-1.2796905040740967,,
gps,1634223431999000000,291.5570068359375,38.12773895263672,-84.49274444580078,0013A20041D1CB94,-1.2699708938598633,,
gps,1634223432999000000,291.57000732421875,38.1276741027832,-84.4927749633789,0013A20041D1CB94,-1.2943682670593262,,
gps,1634223433999000000,291.59698486328125,38.12760925292969,-84.49281311035156,0013A20041D1CB94,-1.2850029468536377,,
gps,1634223434999000000,291.6109924316406,38.12754440307617,-84.49285125732422,0013A20041D1CB94,-1.2795960903167725,,
gps,1634223435999000000,291.62200927734375,38.12747573852539,-84.49288940429688,0013A20041D1CB94,-1.2358405590057373,,
gps,1634223436999000000,291.56201171875,38.127410888671875,-84.49292755126953,0013A20041D1CB94,-1.2779688835144043,,
gps,1634223437999000000,291.5419921875,38.12734603881836,-84.49296569824219,0013A20041D1CB94,-1.2711424827575684,,
gps,1634223438999000000,291.62799072265625,38.127281188964844,-84.49300384521484,0013A20041D1CB94,-1.2784688472747803,,
gps,1634223439999000000,291.69500732421875,38.12721252441406,-84.4930419921875,0013A20041D1CB94,-1.2868802547454834,,
gps,1634223440999000000,291.7030029296875,38.12714767456055,-84.49308013916016,0013A20041D1CB94,-1.291576862335205,,
gps,1634223441999000000,291.6919860839844,38.12708282470703,-84.49311828613281,0013A20041D1CB94,-1.2882637977600098,,
gps,1634223442999000000,291.7030029296875,38.127017974853516,-84.49315643310547,0013A20041D1CB94,-1.2806756496429443,,
gps,1634223443999000000,291.67498779296875,38.126953125,-84.49319458007812,0013A20041D1CB94,-1.2887001037597656,,
gps,1634223444999000000,291.6570129394531,38.126888275146484,-84.49323272705078,0013A20041D1CB94,-0.15062713623046875,,
gps,1634223445999000000,291.7040100097656,38.1268196105957,-84.49327087402344,0013A20041D1CB94,0.631399393081665,,
gps,1634223446999000000,291.6650085449219,38.12675476074219,-84.4933090209961,0013A20041D1CB94,0.63956618309021,,
gps,1634223448999000000,291.7090148925781,38.12662124633789,-84.49337768554688,0013A20041D1CB94,2.02726411819458,,
gps,1634223449999000000,291.6960144042969,38.126556396484375,-84.49341583251953,0013A20041D1CB94,1.2696847915649414,,
gps,1634223450999000000,291.6090087890625,38.12649154663086,-84.49345397949219,0013A20041D1CB94,0.4916696548461914,,
gps,1634223451999000000,291.6260070800781,38.126426696777344,-84.49349212646484,0013A20041D1CB94,-0.3310880661010742,,
gps,1634223452999000000,291.6090087890625,38.12635803222656,-84.4935302734375,0013A20041D1CB94,-1.0906379222869873,,
gps,1634223453999000000,291.5589904785156,38.12629318237305,-84.49356842041016,0013A20041D1CB94,-0.6501986980438232,,
gps,1634223461999000000,291.5710144042969,38.125770568847656,-84.4938735961914,0013A20041D1CB94,9.810203075408936,,
gps,1634223462999000000,291.53399658203125,38.12570571899414,-84.49391174316406,0013A20041D1CB94,8.955527782440186,,
gps,1634223468999000000,291.6510009765625,38.12531280517578,-84.494140625,0013A20041D1CB94,3.2915709018707275,,
gps,1634223469999000000,291.8789978027344,38.125244140625,-84.49417877197266,0013A20041D1CB94,2.5619900226593018,,
gps,1634223470999000000,292.0050048828125,38.125179290771484,-84.49421691894531,0013A20041D1CB94,1.770575761795044,,
gps,1634223471999000000,291.9289855957031,38.12511444091797,-84.49425506591797,0013A20041D1CB94,0.8981595039367676,,
gps,1634223473999000000,291.7330017089844,38.12498092651367,-84.49433135986328,0013A20041D1CB94,-0.9612560272216797,,
gps,1634223474999000000,291.718994140625,38.124916076660156,-84.4943618774414,0013A20041D1CB94,-1.2812728881835938,,
gps,1634223475999000000,291.7590026855469,38.12485122680664,-84.49440002441406,0013A20041D1CB94,-0.7982490062713623,,
gps,1634223476999000000,291.7439880371094,38.124786376953125,-84.49443817138672,0013A20041D1CB94,-1.2858400344848633,,
gps,1634223477999000000,291.68701171875,38.12472152709961,-84.49447631835938,0013A20041D1CB94,-0.5109968185424805,,
gps,1634223478999000000,291.7070007324219,38.12465286254883,-84.49451446533203,0013A20041D1CB94,0.3936595916748047,,
gps,1634223479999000000,291.7130126953125,38.12458801269531,-84.49455261230469,0013A20041D1CB94,1.0560553073883057,,
gps,1634223480999000000,291.70001220703125,38.1245231628418,-84.49459075927734,0013A20041D1CB94,0.2021033763885498,,
gps,1634223481999000000,291.68798828125,38.12445831298828,-84.49462890625,0013A20041D1CB94,-0.652432918548584,,
gps,1634223482999000000,291.552001953125,38.124393463134766,-84.49466705322266,0013A20041D1CB94,-1.2539210319519043,,
gps,1634223484999000000,291.55499267578125,38.12425994873047,-84.49474334716797,0013A20041D1CB94,1.9137048721313477,,
gps,1634223485999000000,291.572998046875,38.12419509887695,-84.4947738647461,0013A20041D1CB94,4.096969127655029,,
gps,1634223486999000000,291.51800537109375,38.12412643432617,-84.49481201171875,0013A20041D1CB94,5.01439642906189,,
gps,1634223487999000000,291.47601318359375,38.124061584472656,-84.4948501586914,0013A20041D1CB94,4.896535873413086,,
gps,1634223489999000000,291.5539855957031,38.123931884765625,-84.49492645263672,0013A20041D1CB94,6.70290207862854,,
gps,1634223490999000000,291.6199951171875,38.12386703491211,-84.49496459960938,0013A20041D1CB94,5.829991340637207,,
gps,1634223491999000000,291.6549987792969,38.12379837036133,-84.49500274658203,0013A20041D1CB94,4.974595069885254,,
gps,1634223493999000000,291.5299987792969,38.1236686706543,-84.49507904052734,0013A20041D1CB94,3.106715679168701,,
gps,1634223497999000000,291.39898681640625,38.123409271240234,-84.49523162841797,0013A20041D1CB94,0.8307690620422363,,
gps,1634223498999000000,291.4580078125,38.12334442138672,-84.49526977539062,0013A20041D1CB94,0.09761691093444824,,
gps,1634223499999000000,291.510986328125,38.12327575683594,-84.49530792236328,0013A20041D1CB94,-0.6867227554321289,,
gps,1634223500999000000,291.49200439453125,38.12321090698242,-84.49534606933594,0013A20041D1CB94,-1.2876152992248535,,
gps,1634223501999000000,291.4639892578125,38.123146057128906,-84.4953842163086,0013A20041D1CB94,-1.2812857627868652,,
gps,1634223502999000000,291.4360046386719,38.12308120727539,-84.49542236328125,0013A20041D1CB94,-1.2901198863983154,,
gps,1634223503999000000,291.447998046875,38.12301254272461,-84.4954605102539,0013A20041D1CB94,-1.2665369510650635,,
gps,1634223504999000000,291.47100830078125,38.122947692871094,-84.49549865722656,0013A20041D1CB94,-1.2904582023620605,,
gps,1634223505999000000,291.4570007324219,38.12288284301758,-84.49553680419922,0013A20041D1CB94,-1.2665588855743408,,
gps,1634223506999000000,291.5150146484375,38.12281799316406,-84.49557495117188,0013A20041D1CB94,-1.2910966873168945,,
gps,1634223507999000000,291.5530090332031,38.12275314331055,-84.49561309814453,0013A20041D1CB94,-1.2833046913146973,,
gps,1634223508999000000,291.61700439453125,38.12268829345703,-84.49565124511719,0013A20041D1CB94,-1.2755725383758545,,
gps,1634223509999000000,291.6780090332031,38.122623443603516,-84.49568176269531,0013A20041D1CB94,-1.2667608261108398,,
gps,1634223510999000000,291.6929931640625,38.12255859375,-84.49571990966797,0013A20041D1CB94,-1.291447639465332,,
gps,1634223511999000000,291.6910095214844,38.12248992919922,-84.49575805664062,0013A20041D1CB94,-1.2995450496673584,,
gps,1634223512999000000,291.75201416015625,38.1224250793457,-84.49579620361328,0013A20041D1CB94,-1.2754526138305664,,
gps,1634223513999000000,291.73699951171875,38.12236022949219,-84.49583435058594,0013A20041D1CB94,-1.2847788333892822,,
gps,1634223514999000000,291.71600341796875,38.12229537963867,-84.4958724975586,0013A20041D1CB94,-1.275592565536499,,
gps,1634223515999000000,291.7829895019531,38.122230529785156,-84.49591064453125,0013A20041D1CB94,-1.2687852382659912,,
gps,1634223516999000000,291.7099914550781,38.12216567993164,-84.4959487915039,0013A20041D1CB94,-1.2923786640167236,,
gps,1634223517999000000,291.6969909667969,38.12209701538086,-84.49598693847656,0013A20041D1CB94,-1.2854344844818115,,
gps,1634223518999000000,291.60101318359375,38.122032165527344,-84.49602508544922,0013A20041D1CB94,-1.2917704582214355,,
gps,1634223519999000000,291.5400085449219,38.12196731567383,-84.49606323242188,0013A20041D1CB94,-1.2838373184204102,,
gps,1634223520999000000,291.5190124511719,38.12190246582031,-84.49610137939453,0013A20041D1CB94,-1.2784745693206787,,
gps,1634223521999000000,291.47601318359375,38.1218376159668,-84.49613952636719,0013A20041D1CB94,-1.2541477680206299,,
gps,1634223522999000000,291.4519958496094,38.121768951416016,-84.49617004394531,0013A20041D1CB94,-1.278724193572998,,
gps,1634223523999000000,291.5150146484375,38.1217041015625,-84.49620819091797,0013A20041D1CB94,-1.052609920501709,,
gps,1634223524999000000,291.5840148925781,38.121639251708984,-84.49624633789062,0013A20041D1CB94,-1.279000997543335,,
gps,1634223525999000000,291.6029968261719,38.12157440185547,-84.49628448486328,0013A20041D1CB94,-1.2551672458648682,,
gps,1634223526999000000,291.5539855957031,38.12150955200195,-84.49632263183594,0013A20041D1CB94,-1.2945091724395752,,
gps,1634223527999000000,291.47601318359375,38.12144088745117,-84.4963607788086,0013A20041D1CB94,-1.2710838317871094,,
gps,1634223528999000000,291.4530029296875,38.121376037597656,-84.49639892578125,0013A20041D1CB94,-1.2790005207061768,,
gps,1634223529999000000,291.4779968261719,38.12131118774414,-84.4964370727539,0013A20041D1CB94,-1.2856407165527344,,
gps,1634223530999000000,291.5379943847656,38.12124252319336,-84.49647521972656,0013A20041D1CB94,-1.2785890102386475,,
gps,1634223531999000000,291.49200439453125,38.121177673339844,-84.49651336669922,0013A20041D1CB94,-1.2880146503448486,,
gps,1634223532999000000,291.4880065917969,38.12111282348633,-84.49655151367188,0013A20041D1CB94,-1.2783215045928955,,
gps,1634223533999000000,291.54901123046875,38.12104797363281,-84.49658966064453,0013A20041D1CB94,-1.254399299621582,,
gps,1634223534999000000,291.59100341796875,38.1209831237793,-84.49662780761719,0013A20041D1CB94,-1.2802894115447998,,
gps,1634223535999000000,291.59100341796875,38.12091827392578,-84.49666595458984,0013A20041D1CB94,-1.271991491317749,,
gps,1634223536999000000,291.6929931640625,38.120853424072266,-84.4967041015625,0013A20041D1CB94,-0.14174938201904297,,
gps,1634223537999000000,291.6449890136719,38.12078857421875,-84.49674224853516,0013A20041D1CB94,-1.102034330368042,,
gps,1634223538999000000,291.5429992675781,38.12071990966797,-84.49678039550781,0013A20041D1CB94,-1.2804102897644043,,
gps,1634223539999000000,291.50201416015625,38.12065505981445,-84.49681854248047,0013A20041D1CB94,-1.2717289924621582,,
gps,1634223540999000000,291.3739929199219,38.12059020996094,-84.49685668945312,0013A20041D1CB94,-1.2817418575286865,,
gps,1634223541999000000,291.29901123046875,38.12052536010742,-84.49689483642578,0013A20041D1CB94,-1.289053201675415,,
gps,1634223542999000000,291.41400146484375,38.120460510253906,-84.49693298339844,0013A20041D1CB94,-1.2819607257843018,,
gps,1634223543999000000,291.5409851074219,38.120391845703125,-84.4969711303711,0013A20041D1CB94,-1.2895684242248535,,
gps,1634223544999000000,291.59600830078125,38.12032699584961,-84.49700927734375,0013A20041D1CB94,-1.282240390777588,,
gps,1634223545999000000,291.6289978027344,38.120262145996094,-84.49703979492188,0013A20041D1CB94,-1.2733395099639893,,
gps,1634223546999000000,291.7539978027344,38.12019729614258,-84.49707794189453,0013A20041D1CB94,-1.2820489406585693,,
gps,1634223547999000000,291.8590087890625,38.1201286315918,-84.49711608886719,0013A20041D1CB94,-1.2903037071228027,,
gps,1634223548999000000,291.8489990234375,38.12006378173828,-84.49715423583984,0013A20041D1CB94,-1.2820384502410889,,
gps,1634223549999000000,291.8290100097656,38.119998931884766,-84.4971923828125,0013A20041D1CB94,-1.2909598350524902,,
gps,1634223550999000000,291.7460021972656,38.11993408203125,-84.49723052978516,0013A20041D1CB94,-1.2831041812896729,,
gps,1634223551999000000,291.6669921875,38.11986541748047,-84.49726867675781,0013A20041D1CB94,-1.2744593620300293,,
gps,1634223552999000000,291.656005859375,38.11980056762695,-84.49730682373047,0013A20041D1CB94,-0.9139134883880615,,
gps,1634223553999000000,291.5950012207031,38.11973571777344,-84.49734497070312,0013A20041D1CB94,-1.2762746810913086,,
gps,1634223554999000000,291.5329895019531,38.11967468261719,-84.49738311767578,0013A20041D1CB94,1.7902076244354248,,
gps,1634223555999000000,291.3659973144531,38.11963653564453,-84.49740600585938,0013A20041D1CB94,0.8346455097198486,,
gps,1634223556999000000,291.3370056152344,38.11962127685547,-84.4974136352539,0013A20041D1CB94,-0.1304309368133545,,
gps,1634223557999000000,291.3219909667969,38.119606018066406,-84.49742126464844,0013A20041D1CB94,-1.0917136669158936,,
gps,1634223558999000000,291.2130126953125,38.11960220336914,-84.49742126464844,0013A20041D1CB94,-1.2828319072723389,,
gps,1634223559999000000,291.20599365234375,38.11960220336914,-84.49742126464844,0013A20041D1CB94,-1.2919938564300537,,
gps,1634223560999000000,291.1650085449219,38.11960220336914,-84.49742126464844,0013A20041D1CB94,-1.284862995147705,,
gps,1634223561999000000,290.4599914550781,38.11960220336914,-84.49742126464844,0013A20041D1CB94,-1.2758300304412842,,
gps,1634223562999000000,288.8559875488281,38.119606018066406,-84.49742126464844,0013A20041D1CB94,-1.2832753658294678,,
gps,1634223563999000000,286.6839904785156,38.119606018066406,-84.49742126464844,0013A20041D1CB94,-1.2611384391784668,,
gps,1634223564999000000,284.4010009765625,38.119606018066406,-84.49742126464844,0013A20041D1CB94,-1.300896167755127,,
gps,1634223565999000000,282.6789855957031,38.11960983276367,-84.49742126464844,0013A20041D1CB94,-1.2627148628234863,,
gps,1634223566999000000,281.1789855957031,38.11960983276367,-84.49742126464844,0013A20041D1CB94,-1.2851109504699707,,
gps,1634223567999000000,279.77801513671875,38.11960983276367,-84.4974136352539,0013A20041D1CB94,-1.2935307025909424,,
gps,1634223568999000000,277.8800048828125,38.11961364746094,-84.4974136352539,0013A20041D1CB94,-1.2857177257537842,,
gps,1634223569999000000,275.593994140625,38.119606018066406,-84.4974136352539,0013A20041D1CB94,-1.2614238262176514,,
gps,1634223570999000000,273.0369873046875,38.11959457397461,-84.4974365234375,0013A20041D1CB94,-1.285994529724121,,
gps,1634223571999000000,270.3580017089844,38.11958312988281,-84.4974594116211,0013A20041D1CB94,-1.2769384384155273,,
gps,1634223572999000000,267.66400146484375,38.119571685791016,-84.49748229980469,0013A20041D1CB94,-1.2862098217010498,,
gps,1634223573999000000,265.0409851074219,38.119564056396484,-84.49749755859375,0013A20041D1CB94,-1.279653787612915,,
gps,1634223574999000000,262.41400146484375,38.11955642700195,-84.49751281738281,0013A20041D1CB94,-1.2856214046478271,,
gps,1634223575999000000,259.9739990234375,38.11954879760742,-84.49752044677734,0013A20041D1CB94,-1.2624685764312744,,
gps,1634223576999000000,257.6289978027344,38.119544982910156,-84.49752807617188,0013A20041D1CB94,-1.287203073501587,,
gps,1634223577999000000,255.36500549316406,38.119544982910156,-84.49752807617188,0013A20041D1CB94,-1.2933745384216309,,
